date_id,full_date,year,quarter,month,month_name,day_name,is_weekend
1,2021-07-01,2021,3,7,July,Thursday,False
2,2021-07-02,2021,3,7,July,Friday,True
3,2021-07-03,2021,3,7,July,Saturday,True
4,2021-07-04,2021,3,7,July,Sunday,False
5,2021-07-05,2021,3,7,July,Monday,False
6,2021-07-06,2021,3,7,July,Tuesday,False
7,2021-07-07,2021,3,7,July,Wednesday,False
8,2021-07-08,2021,3,7,July,Thursday,False
9,2021-07-09,2021,3,7,July,Friday,True
10,2021-07-10,2021,3,7,July,Saturday,True
11,2021-07-11,2021,3,7,July,Sunday,False
12,2021-07-12,2021,3,7,July,Monday,False
13,2021-07-13,2021,3,7,July,Tuesday,False
14,2021-07-14,2021,3,7,July,Wednesday,False
15,2021-07-15,2021,3,7,July,Thursday,False
16,2021-07-16,2021,3,7,July,Friday,True
17,2021-07-17,2021,3,7,July,Saturday,True
18,2021-07-18,2021,3,7,July,Sunday,False
19,2021-07-19,2021,3,7,July,Monday,False
20,2021-07-20,2021,3,7,July,Tuesday,False
21,2021-07-21,2021,3,7,July,Wednesday,False
22,2021-07-22,2021,3,7,July,Thursday,False
23,2021-07-23,2021,3,7,July,Friday,True
24,2021-07-24,2021,3,7,July,Saturday,True
25,2021-07-25,2021,3,7,July,Sunday,False
26,2021-07-26,2021,3,7,July,Monday,False
27,2021-07-27,2021,3,7,July,Tuesday,False
28,2021-07-28,2021,3,7,July,Wednesday,False
29,2021-07-29,2021,3,7,July,Thursday,False
30,2021-07-30,2021,3,7,July,Friday,True
31,2021-07-31,2021,3,7,July,Saturday,True
32,2021-08-01,2021,3,8,August,Sunday,False
33,2021-08-02,2021,3,8,August,Monday,False
34,2021-08-03,2021,3,8,August,Tuesday,False
35,2021-08-04,2021,3,8,August,Wednesday,False
36,2021-08-05,2021,3,8,August,Thursday,False
37,2021-08-06,2021,3,8,August,Friday,True
38,2021-08-07,2021,3,8,August,Saturday,True
39,2021-08-08,2021,3,8,August,Sunday,False
40,2021-08-09,2021,3,8,August,Monday,False
41,2021-08-10,2021,3,8,August,Tuesday,False
42,2021-08-11,2021,3,8,August,Wednesday,False
43,2021-08-12,2021,3,8,August,Thursday,False
44,2021-08-13,2021,3,8,August,Friday,True
45,2021-08-14,2021,3,8,August,Saturday,True
46,2021-08-15,2021,3,8,August,Sunday,False
47,2021-08-16,2021,3,8,August,Monday,False
48,2021-08-17,2021,3,8,August,Tuesday,False
49,2021-08-18,2021,3,8,August,Wednesday,False
50,2021-08-19,2021,3,8,August,Thursday,False
51,2021-08-20,2021,3,8,August,Friday,True
52,2021-08-21,2021,3,8,August,Saturday,True
53,2021-08-22,2021,3,8,August,Sunday,False
54,2021-08-23,2021,3,8,August,Monday,False
55,2021-08-24,2021,3,8,August,Tuesday,False
56,2021-08-25,2021,3,8,August,Wednesday,False
57,2021-08-26,2021,3,8,August,Thursday,False
58,2021-08-27,2021,3,8,August,Friday,True
59,2021-08-28,2021,3,8,August,Saturday,True
60,2021-08-29,2021,3,8,August,Sunday,False
61,2021-08-30,2021,3,8,August,Monday,False
62,2021-08-31,2021,3,8,August,Tuesday,False
63,2021-09-01,2021,3,9,September,Wednesday,False
64,2021-09-02,2021,3,9,September,Thursday,False
65,2021-09-03,2021,3,9,September,Friday,True
66,2021-09-04,2021,3,9,September,Saturday,True
67,2021-09-05,2021,3,9,September,Sunday,False
68,2021-09-06,2021,3,9,September,Monday,False
69,2021-09-07,2021,3,9,September,Tuesday,False
70,2021-09-08,2021,3,9,September,Wednesday,False
71,2021-09-09,2021,3,9,September,Thursday,False
72,2021-09-10,2021,3,9,September,Friday,True
73,2021-09-11,2021,3,9,September,Saturday,True
74,2021-09-12,2021,3,9,September,Sunday,False
75,2021-09-13,2021,3,9,September,Monday,False
76,2021-09-14,2021,3,9,September,Tuesday,False
77,2021-09-15,2021,3,9,September,Wednesday,False
78,2021-09-16,2021,3,9,September,Thursday,False
79,2021-09-17,2021,3,9,September,Friday,True
80,2021-09-18,2021,3,9,September,Saturday,True
81,2021-09-19,2021,3,9,September,Sunday,False
82,2021-09-20,2021,3,9,September,Monday,False
83,2021-09-21,2021,3,9,September,Tuesday,False
84,2021-09-22,2021,3,9,September,Wednesday,False
85,2021-09-23,2021,3,9,September,Thursday,False
86,2021-09-24,2021,3,9,September,Friday,True
87,2021-09-25,2021,3,9,September,Saturday,True
88,2021-09-26,2021,3,9,September,Sunday,False
89,2021-09-27,2021,3,9,September,Monday,False
90,2021-09-28,2021,3,9,September,Tuesday,False
91,2021-09-29,2021,3,9,September,Wednesday,False
92,2021-09-30,2021,3,9,September,Thursday,False
93,2021-10-01,2021,4,10,October,Friday,True
94,2021-10-02,2021,4,10,October,Saturday,True
95,2021-10-03,2021,4,10,October,Sunday,False
96,2021-10-04,2021,4,10,October,Monday,False
97,2021-10-05,2021,4,10,October,Tuesday,False
98,2021-10-06,2021,4,10,October,Wednesday,False
99,2021-10-07,2021,4,10,October,Thursday,False
100,2021-10-08,2021,4,10,October,Friday,True
101,2021-10-09,2021,4,10,October,Saturday,True
102,2021-10-10,2021,4,10,October,Sunday,False
103,2021-10-11,2021,4,10,October,Monday,False
104,2021-10-12,2021,4,10,October,Tuesday,False
105,2021-10-13,2021,4,10,October,Wednesday,False
106,2021-10-14,2021,4,10,October,Thursday,False
107,2021-10-15,2021,4,10,October,Friday,True
108,2021-10-16,2021,4,10,October,Saturday,True
109,2021-10-17,2021,4,10,October,Sunday,False
110,2021-10-18,2021,4,10,October,Monday,False
111,2021-10-19,2021,4,10,October,Tuesday,False
112,2021-10-20,2021,4,10,October,Wednesday,False
113,2021-10-21,2021,4,10,October,Thursday,False
114,2021-10-22,2021,4,10,October,Friday,True
115,2021-10-23,2021,4,10,October,Saturday,True
116,2021-10-24,2021,4,10,October,Sunday,False
117,2021-10-25,2021,4,10,October,Monday,False
118,2021-10-26,2021,4,10,October,Tuesday,False
119,2021-10-27,2021,4,10,October,Wednesday,False
120,2021-10-28,2021,4,10,October,Thursday,False
121,2021-10-29,2021,4,10,October,Friday,True
122,2021-10-30,2021,4,10,October,Saturday,True
123,2021-10-31,2021,4,10,October,Sunday,False
124,2021-11-01,2021,4,11,November,Monday,False
125,2021-11-02,2021,4,11,November,Tuesday,False
126,2021-11-03,2021,4,11,November,Wednesday,False
127,2021-11-04,2021,4,11,November,Thursday,False
128,2021-11-05,2021,4,11,November,Friday,True
129,2021-11-06,2021,4,11,November,Saturday,True
130,2021-11-07,2021,4,11,November,Sunday,False
131,2021-11-08,2021,4,11,November,Monday,False
132,2021-11-09,2021,4,11,November,Tuesday,False
133,2021-11-10,2021,4,11,November,Wednesday,False
134,2021-11-11,2021,4,11,November,Thursday,False
135,2021-11-12,2021,4,11,November,Friday,True
136,2021-11-13,2021,4,11,November,Saturday,True
137,2021-11-14,2021,4,11,November,Sunday,False
138,2021-11-15,2021,4,11,November,Monday,False
139,2021-11-16,2021,4,11,November,Tuesday,False
140,2021-11-17,2021,4,11,November,Wednesday,False
141,2021-11-18,2021,4,11,November,Thursday,False
142,2021-11-19,2021,4,11,November,Friday,True
143,2021-11-20,2021,4,11,November,Saturday,True
144,2021-11-21,2021,4,11,November,Sunday,False
145,2021-11-22,2021,4,11,November,Monday,False
146,2021-11-23,2021,4,11,November,Tuesday,False
147,2021-11-24,2021,4,11,November,Wednesday,False
148,2021-11-25,2021,4,11,November,Thursday,False
149,2021-11-26,2021,4,11,November,Friday,True
150,2021-11-27,2021,4,11,November,Saturday,True
151,2021-11-28,2021,4,11,November,Sunday,False
152,2021-11-29,2021,4,11,November,Monday,False
153,2021-11-30,2021,4,11,November,Tuesday,False
154,2021-12-01,2021,4,12,December,Wednesday,False
155,2021-12-02,2021,4,12,December,Thursday,False
156,2021-12-03,2021,4,12,December,Friday,True
157,2021-12-04,2021,4,12,December,Saturday,True
158,2021-12-05,2021,4,12,December,Sunday,False
159,2021-12-06,2021,4,12,December,Monday,False
160,2021-12-07,2021,4,12,December,Tuesday,False
161,2021-12-08,2021,4,12,December,Wednesday,False
162,2021-12-09,2021,4,12,December,Thursday,False
163,2021-12-10,2021,4,12,December,Friday,True
164,2021-12-11,2021,4,12,December,Saturday,True
165,2021-12-12,2021,4,12,December,Sunday,False
166,2021-12-13,2021,4,12,December,Monday,False
167,2021-12-14,2021,4,12,December,Tuesday,False
168,2021-12-15,2021,4,12,December,Wednesday,False
169,2021-12-16,2021,4,12,December,Thursday,False
170,2021-12-17,2021,4,12,December,Friday,True
171,2021-12-18,2021,4,12,December,Saturday,True
172,2021-12-19,2021,4,12,December,Sunday,False
173,2021-12-20,2021,4,12,December,Monday,False
174,2021-12-21,2021,4,12,December,Tuesday,False
175,2021-12-22,2021,4,12,December,Wednesday,False
176,2021-12-23,2021,4,12,December,Thursday,False
177,2021-12-24,2021,4,12,December,Friday,True
178,2021-12-25,2021,4,12,December,Saturday,True
179,2021-12-26,2021,4,12,December,Sunday,False
180,2021-12-27,2021,4,12,December,Monday,False
181,2021-12-28,2021,4,12,December,Tuesday,False
182,2021-12-29,2021,4,12,December,Wednesday,False
183,2021-12-30,2021,4,12,December,Thursday,False
184,2021-12-31,2021,4,12,December,Friday,True
185,2022-01-01,2022,1,1,January,Saturday,True
186,2022-01-02,2022,1,1,January,Sunday,False
187,2022-01-03,2022,1,1,January,Monday,False
188,2022-01-04,2022,1,1,January,Tuesday,False
189,2022-01-05,2022,1,1,January,Wednesday,False
190,2022-01-06,2022,1,1,January,Thursday,False
191,2022-01-07,2022,1,1,January,Friday,True
192,2022-01-08,2022,1,1,January,Saturday,True
193,2022-01-09,2022,1,1,January,Sunday,False
194,2022-01-10,2022,1,1,January,Monday,False
195,2022-01-11,2022,1,1,January,Tuesday,False
196,2022-01-12,2022,1,1,January,Wednesday,False
197,2022-01-13,2022,1,1,January,Thursday,False
198,2022-01-14,2022,1,1,January,Friday,True
199,2022-01-15,2022,1,1,January,Saturday,True
200,2022-01-16,2022,1,1,January,Sunday,False
201,2022-01-17,2022,1,1,January,Monday,False
202,2022-01-18,2022,1,1,January,Tuesday,False
203,2022-01-19,2022,1,1,January,Wednesday,False
204,2022-01-20,2022,1,1,January,Thursday,False
205,2022-01-21,2022,1,1,January,Friday,True
206,2022-01-22,2022,1,1,January,Saturday,True
207,2022-01-23,2022,1,1,January,Sunday,False
208,2022-01-24,2022,1,1,January,Monday,False
209,2022-01-25,2022,1,1,January,Tuesday,False
210,2022-01-26,2022,1,1,January,Wednesday,False
211,2022-01-27,2022,1,1,January,Thursday,False
212,2022-01-28,2022,1,1,January,Friday,True
213,2022-01-29,2022,1,1,January,Saturday,True
214,2022-01-30,2022,1,1,January,Sunday,False
215,2022-01-31,2022,1,1,January,Monday,False
216,2022-02-01,2022,1,2,February,Tuesday,False
217,2022-02-02,2022,1,2,February,Wednesday,False
218,2022-02-03,2022,1,2,February,Thursday,False
219,2022-02-04,2022,1,2,February,Friday,True
220,2022-02-05,2022,1,2,February,Saturday,True
221,2022-02-06,2022,1,2,February,Sunday,False
222,2022-02-07,2022,1,2,February,Monday,False
223,2022-02-08,2022,1,2,February,Tuesday,False
224,2022-02-09,2022,1,2,February,Wednesday,False
225,2022-02-10,2022,1,2,February,Thursday,False
226,2022-02-11,2022,1,2,February,Friday,True
227,2022-02-12,2022,1,2,February,Saturday,True
228,2022-02-13,2022,1,2,February,Sunday,False
229,2022-02-14,2022,1,2,February,Monday,False
230,2022-02-15,2022,1,2,February,Tuesday,False
231,2022-02-16,2022,1,2,February,Wednesday,False
232,2022-02-17,2022,1,2,February,Thursday,False
233,2022-02-18,2022,1,2,February,Friday,True
234,2022-02-19,2022,1,2,February,Saturday,True
235,2022-02-20,2022,1,2,February,Sunday,False
236,2022-02-21,2022,1,2,February,Monday,False
237,2022-02-22,2022,1,2,February,Tuesday,False
238,2022-02-23,2022,1,2,February,Wednesday,False
239,2022-02-24,2022,1,2,February,Thursday,False
240,2022-02-25,2022,1,2,February,Friday,True
241,2022-02-26,2022,1,2,February,Saturday,True
242,2022-02-27,2022,1,2,February,Sunday,False
243,2022-02-28,2022,1,2,February,Monday,False
244,2022-03-01,2022,1,3,March,Tuesday,False
245,2022-03-02,2022,1,3,March,Wednesday,False
246,2022-03-03,2022,1,3,March,Thursday,False
247,2022-03-04,2022,1,3,March,Friday,True
248,2022-03-05,2022,1,3,March,Saturday,True
249,2022-03-06,2022,1,3,March,Sunday,False
250,2022-03-07,2022,1,3,March,Monday,False
251,2022-03-08,2022,1,3,March,Tuesday,False
252,2022-03-09,2022,1,3,March,Wednesday,False
253,2022-03-10,2022,1,3,March,Thursday,False
254,2022-03-11,2022,1,3,March,Friday,True
255,2022-03-12,2022,1,3,March,Saturday,True
256,2022-03-13,2022,1,3,March,Sunday,False
257,2022-03-14,2022,1,3,March,Monday,False
258,2022-03-15,2022,1,3,March,Tuesday,False
259,2022-03-16,2022,1,3,March,Wednesday,False
260,2022-03-17,2022,1,3,March,Thursday,False
261,2022-03-18,2022,1,3,March,Friday,True
262,2022-03-19,2022,1,3,March,Saturday,True
263,2022-03-20,2022,1,3,March,Sunday,False
264,2022-03-21,2022,1,3,March,Monday,False
265,2022-03-22,2022,1,3,March,Tuesday,False
266,2022-03-23,2022,1,3,March,Wednesday,False
267,2022-03-24,2022,1,3,March,Thursday,False
268,2022-03-25,2022,1,3,March,Friday,True
269,2022-03-26,2022,1,3,March,Saturday,True
270,2022-03-27,2022,1,3,March,Sunday,False
271,2022-03-28,2022,1,3,March,Monday,False
272,2022-03-29,2022,1,3,March,Tuesday,False
273,2022-03-30,2022,1,3,March,Wednesday,False
274,2022-03-31,2022,1,3,March,Thursday,False
275,2022-04-01,2022,2,4,April,Friday,True
276,2022-04-02,2022,2,4,April,Saturday,True
277,2022-04-03,2022,2,4,April,Sunday,False
278,2022-04-04,2022,2,4,April,Monday,False
279,2022-04-05,2022,2,4,April,Tuesday,False
280,2022-04-06,2022,2,4,April,Wednesday,False
281,2022-04-07,2022,2,4,April,Thursday,False
282,2022-04-08,2022,2,4,April,Friday,True
283,2022-04-09,2022,2,4,April,Saturday,True
284,2022-04-10,2022,2,4,April,Sunday,False
285,2022-04-11,2022,2,4,April,Monday,False
286,2022-04-12,2022,2,4,April,Tuesday,False
287,2022-04-13,2022,2,4,April,Wednesday,False
288,2022-04-14,2022,2,4,April,Thursday,False
289,2022-04-15,2022,2,4,April,Friday,True
290,2022-04-16,2022,2,4,April,Saturday,True
291,2022-04-17,2022,2,4,April,Sunday,False
292,2022-04-18,2022,2,4,April,Monday,False
293,2022-04-19,2022,2,4,April,Tuesday,False
294,2022-04-20,2022,2,4,April,Wednesday,False
295,2022-04-21,2022,2,4,April,Thursday,False
296,2022-04-22,2022,2,4,April,Friday,True
297,2022-04-23,2022,2,4,April,Saturday,True
298,2022-04-24,2022,2,4,April,Sunday,False
299,2022-04-25,2022,2,4,April,Monday,False
300,2022-04-26,2022,2,4,April,Tuesday,False
301,2022-04-27,2022,2,4,April,Wednesday,False
302,2022-04-28,2022,2,4,April,Thursday,False
303,2022-04-29,2022,2,4,April,Friday,True
304,2022-04-30,2022,2,4,April,Saturday,True
305,2022-05-01,2022,2,5,May,Sunday,False
306,2022-05-02,2022,2,5,May,Monday,False
307,2022-05-03,2022,2,5,May,Tuesday,False
308,2022-05-04,2022,2,5,May,Wednesday,False
309,2022-05-05,2022,2,5,May,Thursday,False
310,2022-05-06,2022,2,5,May,Friday,True
311,2022-05-07,2022,2,5,May,Saturday,True
312,2022-05-08,2022,2,5,May,Sunday,False
313,2022-05-09,2022,2,5,May,Monday,False
314,2022-05-10,2022,2,5,May,Tuesday,False
315,2022-05-11,2022,2,5,May,Wednesday,False
316,2022-05-12,2022,2,5,May,Thursday,False
317,2022-05-13,2022,2,5,May,Friday,True
318,2022-05-14,2022,2,5,May,Saturday,True
319,2022-05-15,2022,2,5,May,Sunday,False
320,2022-05-16,2022,2,5,May,Monday,False
321,2022-05-17,2022,2,5,May,Tuesday,False
322,2022-05-18,2022,2,5,May,Wednesday,False
323,2022-05-19,2022,2,5,May,Thursday,False
324,2022-05-20,2022,2,5,May,Friday,True
325,2022-05-21,2022,2,5,May,Saturday,True
326,2022-05-22,2022,2,5,May,Sunday,False
327,2022-05-23,2022,2,5,May,Monday,False
328,2022-05-24,2022,2,5,May,Tuesday,False
329,2022-05-25,2022,2,5,May,Wednesday,False
330,2022-05-26,2022,2,5,May,Thursday,False
331,2022-05-27,2022,2,5,May,Friday,True
332,2022-05-28,2022,2,5,May,Saturday,True
333,2022-05-29,2022,2,5,May,Sunday,False
334,2022-05-30,2022,2,5,May,Monday,False
335,2022-05-31,2022,2,5,May,Tuesday,False
336,2022-06-01,2022,2,6,June,Wednesday,False
337,2022-06-02,2022,2,6,June,Thursday,False
338,2022-06-03,2022,2,6,June,Friday,True
339,2022-06-04,2022,2,6,June,Saturday,True
340,2022-06-05,2022,2,6,June,Sunday,False
341,2022-06-06,2022,2,6,June,Monday,False
342,2022-06-07,2022,2,6,June,Tuesday,False
343,2022-06-08,2022,2,6,June,Wednesday,False
344,2022-06-09,2022,2,6,June,Thursday,False
345,2022-06-10,2022,2,6,June,Friday,True
346,2022-06-11,2022,2,6,June,Saturday,True
347,2022-06-12,2022,2,6,June,Sunday,False
348,2022-06-13,2022,2,6,June,Monday,False
349,2022-06-14,2022,2,6,June,Tuesday,False
350,2022-06-15,2022,2,6,June,Wednesday,False
351,2022-06-16,2022,2,6,June,Thursday,False
352,2022-06-17,2022,2,6,June,Friday,True
353,2022-06-18,2022,2,6,June,Saturday,True
354,2022-06-19,2022,2,6,June,Sunday,False
355,2022-06-20,2022,2,6,June,Monday,False
356,2022-06-21,2022,2,6,June,Tuesday,False
357,2022-06-22,2022,2,6,June,Wednesday,False
358,2022-06-23,2022,2,6,June,Thursday,False
359,2022-06-24,2022,2,6,June,Friday,True
360,2022-06-25,2022,2,6,June,Saturday,True
361,2022-06-26,2022,2,6,June,Sunday,False
362,2022-06-27,2022,2,6,June,Monday,False
363,2022-06-28,2022,2,6,June,Tuesday,False
364,2022-06-29,2022,2,6,June,Wednesday,False
365,2022-06-30,2022,2,6,June,Thursday,False
366,2022-07-01,2022,3,7,July,Friday,True
367,2022-07-02,2022,3,7,July,Saturday,True
368,2022-07-03,2022,3,7,July,Sunday,False
369,2022-07-04,2022,3,7,July,Monday,False
370,2022-07-05,2022,3,7,July,Tuesday,False
371,2022-07-06,2022,3,7,July,Wednesday,False
372,2022-07-07,2022,3,7,July,Thursday,False
373,2022-07-08,2022,3,7,July,Friday,True
374,2022-07-09,2022,3,7,July,Saturday,True
375,2022-07-10,2022,3,7,July,Sunday,False
376,2022-07-11,2022,3,7,July,Monday,False
377,2022-07-12,2022,3,7,July,Tuesday,False
378,2022-07-13,2022,3,7,July,Wednesday,False
379,2022-07-14,2022,3,7,July,Thursday,False
380,2022-07-15,2022,3,7,July,Friday,True
381,2022-07-16,2022,3,7,July,Saturday,True
382,2022-07-17,2022,3,7,July,Sunday,False
383,2022-07-18,2022,3,7,July,Monday,False
384,2022-07-19,2022,3,7,July,Tuesday,False
385,2022-07-20,2022,3,7,July,Wednesday,False
386,2022-07-21,2022,3,7,July,Thursday,False
387,2022-07-22,2022,3,7,July,Friday,True
388,2022-07-23,2022,3,7,July,Saturday,True
389,2022-07-24,2022,3,7,July,Sunday,False
390,2022-07-25,2022,3,7,July,Monday,False
391,2022-07-26,2022,3,7,July,Tuesday,False
392,2022-07-27,2022,3,7,July,Wednesday,False
393,2022-07-28,2022,3,7,July,Thursday,False
394,2022-07-29,2022,3,7,July,Friday,True
395,2022-07-30,2022,3,7,July,Saturday,True
396,2022-07-31,2022,3,7,July,Sunday,False
397,2022-08-01,2022,3,8,August,Monday,False
398,2022-08-02,2022,3,8,August,Tuesday,False
399,2022-08-03,2022,3,8,August,Wednesday,False
400,2022-08-04,2022,3,8,August,Thursday,False
401,2022-08-05,2022,3,8,August,Friday,True
402,2022-08-06,2022,3,8,August,Saturday,True
403,2022-08-07,2022,3,8,August,Sunday,False
404,2022-08-08,2022,3,8,August,Monday,False
405,2022-08-09,2022,3,8,August,Tuesday,False
406,2022-08-10,2022,3,8,August,Wednesday,False
407,2022-08-11,2022,3,8,August,Thursday,False
408,2022-08-12,2022,3,8,August,Friday,True
409,2022-08-13,2022,3,8,August,Saturday,True
410,2022-08-14,2022,3,8,August,Sunday,False
411,2022-08-15,2022,3,8,August,Monday,False
412,2022-08-16,2022,3,8,August,Tuesday,False
413,2022-08-17,2022,3,8,August,Wednesday,False
414,2022-08-18,2022,3,8,August,Thursday,False
415,2022-08-19,2022,3,8,August,Friday,True
416,2022-08-20,2022,3,8,August,Saturday,True
417,2022-08-21,2022,3,8,August,Sunday,False
418,2022-08-22,2022,3,8,August,Monday,False
419,2022-08-23,2022,3,8,August,Tuesday,False
420,2022-08-24,2022,3,8,August,Wednesday,False
421,2022-08-25,2022,3,8,August,Thursday,False
422,2022-08-26,2022,3,8,August,Friday,True
423,2022-08-27,2022,3,8,August,Saturday,True
424,2022-08-28,2022,3,8,August,Sunday,False
425,2022-08-29,2022,3,8,August,Monday,False
426,2022-08-30,2022,3,8,August,Tuesday,False
427,2022-08-31,2022,3,8,August,Wednesday,False
428,2022-09-01,2022,3,9,September,Thursday,False
429,2022-09-02,2022,3,9,September,Friday,True
430,2022-09-03,2022,3,9,September,Saturday,True
431,2022-09-04,2022,3,9,September,Sunday,False
432,2022-09-05,2022,3,9,September,Monday,False
433,2022-09-06,2022,3,9,September,Tuesday,False
434,2022-09-07,2022,3,9,September,Wednesday,False
435,2022-09-08,2022,3,9,September,Thursday,False
436,2022-09-09,2022,3,9,September,Friday,True
437,2022-09-10,2022,3,9,September,Saturday,True
438,2022-09-11,2022,3,9,September,Sunday,False
439,2022-09-12,2022,3,9,September,Monday,False
440,2022-09-13,2022,3,9,September,Tuesday,False
441,2022-09-14,2022,3,9,September,Wednesday,False
442,2022-09-15,2022,3,9,September,Thursday,False
443,2022-09-16,2022,3,9,September,Friday,True
444,2022-09-17,2022,3,9,September,Saturday,True
445,2022-09-18,2022,3,9,September,Sunday,False
446,2022-09-19,2022,3,9,September,Monday,False
447,2022-09-20,2022,3,9,September,Tuesday,False
448,2022-09-21,2022,3,9,September,Wednesday,False
449,2022-09-22,2022,3,9,September,Thursday,False
450,2022-09-23,2022,3,9,September,Friday,True
451,2022-09-24,2022,3,9,September,Saturday,True
452,2022-09-25,2022,3,9,September,Sunday,False
453,2022-09-26,2022,3,9,September,Monday,False
454,2022-09-27,2022,3,9,September,Tuesday,False
455,2022-09-28,2022,3,9,September,Wednesday,False
456,2022-09-29,2022,3,9,September,Thursday,False
457,2022-09-30,2022,3,9,September,Friday,True
458,2022-10-01,2022,4,10,October,Saturday,True
459,2022-10-02,2022,4,10,October,Sunday,False
460,2022-10-03,2022,4,10,October,Monday,False
461,2022-10-04,2022,4,10,October,Tuesday,False
462,2022-10-05,2022,4,10,October,Wednesday,False
463,2022-10-06,2022,4,10,October,Thursday,False
464,2022-10-07,2022,4,10,October,Friday,True
465,2022-10-08,2022,4,10,October,Saturday,True
466,2022-10-09,2022,4,10,October,Sunday,False
467,2022-10-10,2022,4,10,October,Monday,False
468,2022-10-11,2022,4,10,October,Tuesday,False
469,2022-10-12,2022,4,10,October,Wednesday,False
470,2022-10-13,2022,4,10,October,Thursday,False
471,2022-10-14,2022,4,10,October,Friday,True
472,2022-10-15,2022,4,10,October,Saturday,True
473,2022-10-16,2022,4,10,October,Sunday,False
474,2022-10-17,2022,4,10,October,Monday,False
475,2022-10-18,2022,4,10,October,Tuesday,False
476,2022-10-19,2022,4,10,October,Wednesday,False
477,2022-10-20,2022,4,10,October,Thursday,False
478,2022-10-21,2022,4,10,October,Friday,True
479,2022-10-22,2022,4,10,October,Saturday,True
480,2022-10-23,2022,4,10,October,Sunday,False
481,2022-10-24,2022,4,10,October,Monday,False
482,2022-10-25,2022,4,10,October,Tuesday,False
483,2022-10-26,2022,4,10,October,Wednesday,False
484,2022-10-27,2022,4,10,October,Thursday,False
485,2022-10-28,2022,4,10,October,Friday,True
486,2022-10-29,2022,4,10,October,Saturday,True
487,2022-10-30,2022,4,10,October,Sunday,False
488,2022-10-31,2022,4,10,October,Monday,False
489,2022-11-01,2022,4,11,November,Tuesday,False
490,2022-11-02,2022,4,11,November,Wednesday,False
491,2022-11-03,2022,4,11,November,Thursday,False
492,2022-11-04,2022,4,11,November,Friday,True
493,2022-11-05,2022,4,11,November,Saturday,True
494,2022-11-06,2022,4,11,November,Sunday,False
495,2022-11-07,2022,4,11,November,Monday,False
496,2022-11-08,2022,4,11,November,Tuesday,False
497,2022-11-09,2022,4,11,November,Wednesday,False
498,2022-11-10,2022,4,11,November,Thursday,False
499,2022-11-11,2022,4,11,November,Friday,True
500,2022-11-12,2022,4,11,November,Saturday,True
501,2022-11-13,2022,4,11,November,Sunday,False
502,2022-11-14,2022,4,11,November,Monday,False
503,2022-11-15,2022,4,11,November,Tuesday,False
504,2022-11-16,2022,4,11,November,Wednesday,False
505,2022-11-17,2022,4,11,November,Thursday,False
506,2022-11-18,2022,4,11,November,Friday,True
507,2022-11-19,2022,4,11,November,Saturday,True
508,2022-11-20,2022,4,11,November,Sunday,False
509,2022-11-21,2022,4,11,November,Monday,False
510,2022-11-22,2022,4,11,November,Tuesday,False
511,2022-11-23,2022,4,11,November,Wednesday,False
512,2022-11-24,2022,4,11,November,Thursday,False
513,2022-11-25,2022,4,11,November,Friday,True
514,2022-11-26,2022,4,11,November,Saturday,True
515,2022-11-27,2022,4,11,November,Sunday,False
516,2022-11-28,2022,4,11,November,Monday,False
517,2022-11-29,2022,4,11,November,Tuesday,False
518,2022-11-30,2022,4,11,November,Wednesday,False
519,2022-12-01,2022,4,12,December,Thursday,False
520,2022-12-02,2022,4,12,December,Friday,True
521,2022-12-03,2022,4,12,December,Saturday,True
522,2022-12-04,2022,4,12,December,Sunday,False
523,2022-12-05,2022,4,12,December,Monday,False
524,2022-12-06,2022,4,12,December,Tuesday,False
525,2022-12-07,2022,4,12,December,Wednesday,False
526,2022-12-08,2022,4,12,December,Thursday,False
527,2022-12-09,2022,4,12,December,Friday,True
528,2022-12-10,2022,4,12,December,Saturday,True
529,2022-12-11,2022,4,12,December,Sunday,False
530,2022-12-12,2022,4,12,December,Monday,False
531,2022-12-13,2022,4,12,December,Tuesday,False
532,2022-12-14,2022,4,12,December,Wednesday,False
533,2022-12-15,2022,4,12,December,Thursday,False
534,2022-12-16,2022,4,12,December,Friday,True
535,2022-12-17,2022,4,12,December,Saturday,True
536,2022-12-18,2022,4,12,December,Sunday,False
537,2022-12-19,2022,4,12,December,Monday,False
538,2022-12-20,2022,4,12,December,Tuesday,False
539,2022-12-21,2022,4,12,December,Wednesday,False
540,2022-12-22,2022,4,12,December,Thursday,False
541,2022-12-23,2022,4,12,December,Friday,True
542,2022-12-24,2022,4,12,December,Saturday,True
543,2022-12-25,2022,4,12,December,Sunday,False
544,2022-12-26,2022,4,12,December,Monday,False
545,2022-12-27,2022,4,12,December,Tuesday,False
546,2022-12-28,2022,4,12,December,Wednesday,False
547,2022-12-29,2022,4,12,December,Thursday,False
548,2022-12-30,2022,4,12,December,Friday,True
549,2022-12-31,2022,4,12,December,Saturday,True
550,2023-01-01,2023,1,1,January,Sunday,False
551,2023-01-02,2023,1,1,January,Monday,False
552,2023-01-03,2023,1,1,January,Tuesday,False
553,2023-01-04,2023,1,1,January,Wednesday,False
554,2023-01-05,2023,1,1,January,Thursday,False
555,2023-01-06,2023,1,1,January,Friday,True
556,2023-01-07,2023,1,1,January,Saturday,True
557,2023-01-08,2023,1,1,January,Sunday,False
558,2023-01-09,2023,1,1,January,Monday,False
559,2023-01-10,2023,1,1,January,Tuesday,False
560,2023-01-11,2023,1,1,January,Wednesday,False
561,2023-01-12,2023,1,1,January,Thursday,False
562,2023-01-13,2023,1,1,January,Friday,True
563,2023-01-14,2023,1,1,January,Saturday,True
564,2023-01-15,2023,1,1,January,Sunday,False
565,2023-01-16,2023,1,1,January,Monday,False
566,2023-01-17,2023,1,1,January,Tuesday,False
567,2023-01-18,2023,1,1,January,Wednesday,False
568,2023-01-19,2023,1,1,January,Thursday,False
569,2023-01-20,2023,1,1,January,Friday,True
570,2023-01-21,2023,1,1,January,Saturday,True
571,2023-01-22,2023,1,1,January,Sunday,False
572,2023-01-23,2023,1,1,January,Monday,False
573,2023-01-24,2023,1,1,January,Tuesday,False
574,2023-01-25,2023,1,1,January,Wednesday,False
575,2023-01-26,2023,1,1,January,Thursday,False
576,2023-01-27,2023,1,1,January,Friday,True
577,2023-01-28,2023,1,1,January,Saturday,True
578,2023-01-29,2023,1,1,January,Sunday,False
579,2023-01-30,2023,1,1,January,Monday,False
580,2023-01-31,2023,1,1,January,Tuesday,False
581,2023-02-01,2023,1,2,February,Wednesday,False
582,2023-02-02,2023,1,2,February,Thursday,False
583,2023-02-03,2023,1,2,February,Friday,True
584,2023-02-04,2023,1,2,February,Saturday,True
585,2023-02-05,2023,1,2,February,Sunday,False
586,2023-02-06,2023,1,2,February,Monday,False
587,2023-02-07,2023,1,2,February,Tuesday,False
588,2023-02-08,2023,1,2,February,Wednesday,False
589,2023-02-09,2023,1,2,February,Thursday,False
590,2023-02-10,2023,1,2,February,Friday,True
591,2023-02-11,2023,1,2,February,Saturday,True
592,2023-02-12,2023,1,2,February,Sunday,False
593,2023-02-13,2023,1,2,February,Monday,False
594,2023-02-14,2023,1,2,February,Tuesday,False
595,2023-02-15,2023,1,2,February,Wednesday,False
596,2023-02-16,2023,1,2,February,Thursday,False
597,2023-02-17,2023,1,2,February,Friday,True
598,2023-02-18,2023,1,2,February,Saturday,True
599,2023-02-19,2023,1,2,February,Sunday,False
600,2023-02-20,2023,1,2,February,Monday,False
601,2023-02-21,2023,1,2,February,Tuesday,False
602,2023-02-22,2023,1,2,February,Wednesday,False
603,2023-02-23,2023,1,2,February,Thursday,False
604,2023-02-24,2023,1,2,February,Friday,True
605,2023-02-25,2023,1,2,February,Saturday,True
606,2023-02-26,2023,1,2,February,Sunday,False
607,2023-02-27,2023,1,2,February,Monday,False
608,2023-02-28,2023,1,2,February,Tuesday,False
609,2023-03-01,2023,1,3,March,Wednesday,False
610,2023-03-02,2023,1,3,March,Thursday,False
611,2023-03-03,2023,1,3,March,Friday,True
612,2023-03-04,2023,1,3,March,Saturday,True
613,2023-03-05,2023,1,3,March,Sunday,False
614,2023-03-06,2023,1,3,March,Monday,False
615,2023-03-07,2023,1,3,March,Tuesday,False
616,2023-03-08,2023,1,3,March,Wednesday,False
617,2023-03-09,2023,1,3,March,Thursday,False
618,2023-03-10,2023,1,3,March,Friday,True
619,2023-03-11,2023,1,3,March,Saturday,True
620,2023-03-12,2023,1,3,March,Sunday,False
621,2023-03-13,2023,1,3,March,Monday,False
622,2023-03-14,2023,1,3,March,Tuesday,False
623,2023-03-15,2023,1,3,March,Wednesday,False
624,2023-03-16,2023,1,3,March,Thursday,False
625,2023-03-17,2023,1,3,March,Friday,True
626,2023-03-18,2023,1,3,March,Saturday,True
627,2023-03-19,2023,1,3,March,Sunday,False
628,2023-03-20,2023,1,3,March,Monday,False
629,2023-03-21,2023,1,3,March,Tuesday,False
630,2023-03-22,2023,1,3,March,Wednesday,False
631,2023-03-23,2023,1,3,March,Thursday,False
632,2023-03-24,2023,1,3,March,Friday,True
633,2023-03-25,2023,1,3,March,Saturday,True
634,2023-03-26,2023,1,3,March,Sunday,False
635,2023-03-27,2023,1,3,March,Monday,False
636,2023-03-28,2023,1,3,March,Tuesday,False
637,2023-03-29,2023,1,3,March,Wednesday,False
638,2023-03-30,2023,1,3,March,Thursday,False
639,2023-03-31,2023,1,3,March,Friday,True
640,2023-04-01,2023,2,4,April,Saturday,True
641,2023-04-02,2023,2,4,April,Sunday,False
642,2023-04-03,2023,2,4,April,Monday,False
643,2023-04-04,2023,2,4,April,Tuesday,False
644,2023-04-05,2023,2,4,April,Wednesday,False
645,2023-04-06,2023,2,4,April,Thursday,False
646,2023-04-07,2023,2,4,April,Friday,True
647,2023-04-08,2023,2,4,April,Saturday,True
648,2023-04-09,2023,2,4,April,Sunday,False
649,2023-04-10,2023,2,4,April,Monday,False
650,2023-04-11,2023,2,4,April,Tuesday,False
651,2023-04-12,2023,2,4,April,Wednesday,False
652,2023-04-13,2023,2,4,April,Thursday,False
653,2023-04-14,2023,2,4,April,Friday,True
654,2023-04-15,2023,2,4,April,Saturday,True
655,2023-04-16,2023,2,4,April,Sunday,False
656,2023-04-17,2023,2,4,April,Monday,False
657,2023-04-18,2023,2,4,April,Tuesday,False
658,2023-04-19,2023,2,4,April,Wednesday,False
659,2023-04-20,2023,2,4,April,Thursday,False
660,2023-04-21,2023,2,4,April,Friday,True
661,2023-04-22,2023,2,4,April,Saturday,True
662,2023-04-23,2023,2,4,April,Sunday,False
663,2023-04-24,2023,2,4,April,Monday,False
664,2023-04-25,2023,2,4,April,Tuesday,False
665,2023-04-26,2023,2,4,April,Wednesday,False
666,2023-04-27,2023,2,4,April,Thursday,False
667,2023-04-28,2023,2,4,April,Friday,True
668,2023-04-29,2023,2,4,April,Saturday,True
669,2023-04-30,2023,2,4,April,Sunday,False
670,2023-05-01,2023,2,5,May,Monday,False
671,2023-05-02,2023,2,5,May,Tuesday,False
672,2023-05-03,2023,2,5,May,Wednesday,False
673,2023-05-04,2023,2,5,May,Thursday,False
674,2023-05-05,2023,2,5,May,Friday,True
675,2023-05-06,2023,2,5,May,Saturday,True
676,2023-05-07,2023,2,5,May,Sunday,False
677,2023-05-08,2023,2,5,May,Monday,False
678,2023-05-09,2023,2,5,May,Tuesday,False
679,2023-05-10,2023,2,5,May,Wednesday,False
680,2023-05-11,2023,2,5,May,Thursday,False
681,2023-05-12,2023,2,5,May,Friday,True
682,2023-05-13,2023,2,5,May,Saturday,True
683,2023-05-14,2023,2,5,May,Sunday,False
684,2023-05-15,2023,2,5,May,Monday,False
685,2023-05-16,2023,2,5,May,Tuesday,False
686,2023-05-17,2023,2,5,May,Wednesday,False
687,2023-05-18,2023,2,5,May,Thursday,False
688,2023-05-19,2023,2,5,May,Friday,True
689,2023-05-20,2023,2,5,May,Saturday,True
690,2023-05-21,2023,2,5,May,Sunday,False
691,2023-05-22,2023,2,5,May,Monday,False
692,2023-05-23,2023,2,5,May,Tuesday,False
693,2023-05-24,2023,2,5,May,Wednesday,False
694,2023-05-25,2023,2,5,May,Thursday,False
695,2023-05-26,2023,2,5,May,Friday,True
696,2023-05-27,2023,2,5,May,Saturday,True
697,2023-05-28,2023,2,5,May,Sunday,False
698,2023-05-29,2023,2,5,May,Monday,False
699,2023-05-30,2023,2,5,May,Tuesday,False
700,2023-05-31,2023,2,5,May,Wednesday,False
701,2023-06-01,2023,2,6,June,Thursday,False
702,2023-06-02,2023,2,6,June,Friday,True
703,2023-06-03,2023,2,6,June,Saturday,True
704,2023-06-04,2023,2,6,June,Sunday,False
705,2023-06-05,2023,2,6,June,Monday,False
706,2023-06-06,2023,2,6,June,Tuesday,False
707,2023-06-07,2023,2,6,June,Wednesday,False
708,2023-06-08,2023,2,6,June,Thursday,False
709,2023-06-09,2023,2,6,June,Friday,True
710,2023-06-10,2023,2,6,June,Saturday,True
711,2023-06-11,2023,2,6,June,Sunday,False
712,2023-06-12,2023,2,6,June,Monday,False
713,2023-06-13,2023,2,6,June,Tuesday,False
714,2023-06-14,2023,2,6,June,Wednesday,False
715,2023-06-15,2023,2,6,June,Thursday,False
716,2023-06-16,2023,2,6,June,Friday,True
717,2023-06-17,2023,2,6,June,Saturday,True
718,2023-06-18,2023,2,6,June,Sunday,False
719,2023-06-19,2023,2,6,June,Monday,False
720,2023-06-20,2023,2,6,June,Tuesday,False
721,2023-06-21,2023,2,6,June,Wednesday,False
722,2023-06-22,2023,2,6,June,Thursday,False
723,2023-06-23,2023,2,6,June,Friday,True
724,2023-06-24,2023,2,6,June,Saturday,True
725,2023-06-25,2023,2,6,June,Sunday,False
726,2023-06-26,2023,2,6,June,Monday,False
727,2023-06-27,2023,2,6,June,Tuesday,False
728,2023-06-28,2023,2,6,June,Wednesday,False
729,2023-06-29,2023,2,6,June,Thursday,False
730,2023-06-30,2023,2,6,June,Friday,True
731,2023-07-01,2023,3,7,July,Saturday,True
732,2023-07-02,2023,3,7,July,Sunday,False
733,2023-07-03,2023,3,7,July,Monday,False
734,2023-07-04,2023,3,7,July,Tuesday,False
735,2023-07-05,2023,3,7,July,Wednesday,False
736,2023-07-06,2023,3,7,July,Thursday,False
737,2023-07-07,2023,3,7,July,Friday,True
738,2023-07-08,2023,3,7,July,Saturday,True
739,2023-07-09,2023,3,7,July,Sunday,False
740,2023-07-10,2023,3,7,July,Monday,False
741,2023-07-11,2023,3,7,July,Tuesday,False
742,2023-07-12,2023,3,7,July,Wednesday,False
743,2023-07-13,2023,3,7,July,Thursday,False
744,2023-07-14,2023,3,7,July,Friday,True
745,2023-07-15,2023,3,7,July,Saturday,True
746,2023-07-16,2023,3,7,July,Sunday,False
747,2023-07-17,2023,3,7,July,Monday,False
748,2023-07-18,2023,3,7,July,Tuesday,False
749,2023-07-19,2023,3,7,July,Wednesday,False
750,2023-07-20,2023,3,7,July,Thursday,False
751,2023-07-21,2023,3,7,July,Friday,True
752,2023-07-22,2023,3,7,July,Saturday,True
753,2023-07-23,2023,3,7,July,Sunday,False
754,2023-07-24,2023,3,7,July,Monday,False
755,2023-07-25,2023,3,7,July,Tuesday,False
756,2023-07-26,2023,3,7,July,Wednesday,False
757,2023-07-27,2023,3,7,July,Thursday,False
758,2023-07-28,2023,3,7,July,Friday,True
759,2023-07-29,2023,3,7,July,Saturday,True
760,2023-07-30,2023,3,7,July,Sunday,False
761,2023-07-31,2023,3,7,July,Monday,False
762,2023-08-01,2023,3,8,August,Tuesday,False
763,2023-08-02,2023,3,8,August,Wednesday,False
764,2023-08-03,2023,3,8,August,Thursday,False
765,2023-08-04,2023,3,8,August,Friday,True
766,2023-08-05,2023,3,8,August,Saturday,True
767,2023-08-06,2023,3,8,August,Sunday,False
768,2023-08-07,2023,3,8,August,Monday,False
769,2023-08-08,2023,3,8,August,Tuesday,False
770,2023-08-09,2023,3,8,August,Wednesday,False
771,2023-08-10,2023,3,8,August,Thursday,False
772,2023-08-11,2023,3,8,August,Friday,True
773,2023-08-12,2023,3,8,August,Saturday,True
774,2023-08-13,2023,3,8,August,Sunday,False
775,2023-08-14,2023,3,8,August,Monday,False
776,2023-08-15,2023,3,8,August,Tuesday,False
777,2023-08-16,2023,3,8,August,Wednesday,False
778,2023-08-17,2023,3,8,August,Thursday,False
779,2023-08-18,2023,3,8,August,Friday,True
780,2023-08-19,2023,3,8,August,Saturday,True
781,2023-08-20,2023,3,8,August,Sunday,False
782,2023-08-21,2023,3,8,August,Monday,False
783,2023-08-22,2023,3,8,August,Tuesday,False
784,2023-08-23,2023,3,8,August,Wednesday,False
785,2023-08-24,2023,3,8,August,Thursday,False
786,2023-08-25,2023,3,8,August,Friday,True
787,2023-08-26,2023,3,8,August,Saturday,True
788,2023-08-27,2023,3,8,August,Sunday,False
789,2023-08-28,2023,3,8,August,Monday,False
790,2023-08-29,2023,3,8,August,Tuesday,False
791,2023-08-30,2023,3,8,August,Wednesday,False
792,2023-08-31,2023,3,8,August,Thursday,False
793,2023-09-01,2023,3,9,September,Friday,True
794,2023-09-02,2023,3,9,September,Saturday,True
795,2023-09-03,2023,3,9,September,Sunday,False
796,2023-09-04,2023,3,9,September,Monday,False
797,2023-09-05,2023,3,9,September,Tuesday,False
798,2023-09-06,2023,3,9,September,Wednesday,False
799,2023-09-07,2023,3,9,September,Thursday,False
800,2023-09-08,2023,3,9,September,Friday,True
801,2023-09-09,2023,3,9,September,Saturday,True
802,2023-09-10,2023,3,9,September,Sunday,False
803,2023-09-11,2023,3,9,September,Monday,False
804,2023-09-12,2023,3,9,September,Tuesday,False
805,2023-09-13,2023,3,9,September,Wednesday,False
806,2023-09-14,2023,3,9,September,Thursday,False
807,2023-09-15,2023,3,9,September,Friday,True
808,2023-09-16,2023,3,9,September,Saturday,True
809,2023-09-17,2023,3,9,September,Sunday,False
810,2023-09-18,2023,3,9,September,Monday,False
811,2023-09-19,2023,3,9,September,Tuesday,False
812,2023-09-20,2023,3,9,September,Wednesday,False
813,2023-09-21,2023,3,9,September,Thursday,False
814,2023-09-22,2023,3,9,September,Friday,True
815,2023-09-23,2023,3,9,September,Saturday,True
816,2023-09-24,2023,3,9,September,Sunday,False
817,2023-09-25,2023,3,9,September,Monday,False
818,2023-09-26,2023,3,9,September,Tuesday,False
819,2023-09-27,2023,3,9,September,Wednesday,False
820,2023-09-28,2023,3,9,September,Thursday,False
821,2023-09-29,2023,3,9,September,Friday,True
822,2023-09-30,2023,3,9,September,Saturday,True
823,2023-10-01,2023,4,10,October,Sunday,False
824,2023-10-02,2023,4,10,October,Monday,False
825,2023-10-03,2023,4,10,October,Tuesday,False
826,2023-10-04,2023,4,10,October,Wednesday,False
827,2023-10-05,2023,4,10,October,Thursday,False
828,2023-10-06,2023,4,10,October,Friday,True
829,2023-10-07,2023,4,10,October,Saturday,True
830,2023-10-08,2023,4,10,October,Sunday,False
831,2023-10-09,2023,4,10,October,Monday,False
832,2023-10-10,2023,4,10,October,Tuesday,False
833,2023-10-11,2023,4,10,October,Wednesday,False
834,2023-10-12,2023,4,10,October,Thursday,False
835,2023-10-13,2023,4,10,October,Friday,True
836,2023-10-14,2023,4,10,October,Saturday,True
837,2023-10-15,2023,4,10,October,Sunday,False
838,2023-10-16,2023,4,10,October,Monday,False
839,2023-10-17,2023,4,10,October,Tuesday,False
840,2023-10-18,2023,4,10,October,Wednesday,False
841,2023-10-19,2023,4,10,October,Thursday,False
842,2023-10-20,2023,4,10,October,Friday,True
843,2023-10-21,2023,4,10,October,Saturday,True
844,2023-10-22,2023,4,10,October,Sunday,False
845,2023-10-23,2023,4,10,October,Monday,False
846,2023-10-24,2023,4,10,October,Tuesday,False
847,2023-10-25,2023,4,10,October,Wednesday,False
848,2023-10-26,2023,4,10,October,Thursday,False
849,2023-10-27,2023,4,10,October,Friday,True
850,2023-10-28,2023,4,10,October,Saturday,True
851,2023-10-29,2023,4,10,October,Sunday,False
852,2023-10-30,2023,4,10,October,Monday,False
853,2023-10-31,2023,4,10,October,Tuesday,False
854,2023-11-01,2023,4,11,November,Wednesday,False
855,2023-11-02,2023,4,11,November,Thursday,False
856,2023-11-03,2023,4,11,November,Friday,True
857,2023-11-04,2023,4,11,November,Saturday,True
858,2023-11-05,2023,4,11,November,Sunday,False
859,2023-11-06,2023,4,11,November,Monday,False
860,2023-11-07,2023,4,11,November,Tuesday,False
861,2023-11-08,2023,4,11,November,Wednesday,False
862,2023-11-09,2023,4,11,November,Thursday,False
863,2023-11-10,2023,4,11,November,Friday,True
864,2023-11-11,2023,4,11,November,Saturday,True
865,2023-11-12,2023,4,11,November,Sunday,False
866,2023-11-13,2023,4,11,November,Monday,False
867,2023-11-14,2023,4,11,November,Tuesday,False
868,2023-11-15,2023,4,11,November,Wednesday,False
869,2023-11-16,2023,4,11,November,Thursday,False
870,2023-11-17,2023,4,11,November,Friday,True
871,2023-11-18,2023,4,11,November,Saturday,True
872,2023-11-19,2023,4,11,November,Sunday,False
873,2023-11-20,2023,4,11,November,Monday,False
874,2023-11-21,2023,4,11,November,Tuesday,False
875,2023-11-22,2023,4,11,November,Wednesday,False
876,2023-11-23,2023,4,11,November,Thursday,False
877,2023-11-24,2023,4,11,November,Friday,True
878,2023-11-25,2023,4,11,November,Saturday,True
879,2023-11-26,2023,4,11,November,Sunday,False
880,2023-11-27,2023,4,11,November,Monday,False
881,2023-11-28,2023,4,11,November,Tuesday,False
882,2023-11-29,2023,4,11,November,Wednesday,False
883,2023-11-30,2023,4,11,November,Thursday,False
884,2023-12-01,2023,4,12,December,Friday,True
885,2023-12-02,2023,4,12,December,Saturday,True
886,2023-12-03,2023,4,12,December,Sunday,False
887,2023-12-04,2023,4,12,December,Monday,False
888,2023-12-05,2023,4,12,December,Tuesday,False
889,2023-12-06,2023,4,12,December,Wednesday,False
890,2023-12-07,2023,4,12,December,Thursday,False
891,2023-12-08,2023,4,12,December,Friday,True
892,2023-12-09,2023,4,12,December,Saturday,True
893,2023-12-10,2023,4,12,December,Sunday,False
894,2023-12-11,2023,4,12,December,Monday,False
895,2023-12-12,2023,4,12,December,Tuesday,False
896,2023-12-13,2023,4,12,December,Wednesday,False
897,2023-12-14,2023,4,12,December,Thursday,False
898,2023-12-15,2023,4,12,December,Friday,True
899,2023-12-16,2023,4,12,December,Saturday,True
900,2023-12-17,2023,4,12,December,Sunday,False
901,2023-12-18,2023,4,12,December,Monday,False
902,2023-12-19,2023,4,12,December,Tuesday,False
903,2023-12-20,2023,4,12,December,Wednesday,False
904,2023-12-21,2023,4,12,December,Thursday,False
905,2023-12-22,2023,4,12,December,Friday,True
906,2023-12-23,2023,4,12,December,Saturday,True
907,2023-12-24,2023,4,12,December,Sunday,False
908,2023-12-25,2023,4,12,December,Monday,False
909,2023-12-26,2023,4,12,December,Tuesday,False
910,2023-12-27,2023,4,12,December,Wednesday,False
911,2023-12-28,2023,4,12,December,Thursday,False
912,2023-12-29,2023,4,12,December,Friday,True
913,2023-12-30,2023,4,12,December,Saturday,True
914,2023-12-31,2023,4,12,December,Sunday,False
915,2024-01-01,2024,1,1,January,Monday,False
916,2024-01-02,2024,1,1,January,Tuesday,False
917,2024-01-03,2024,1,1,January,Wednesday,False
918,2024-01-04,2024,1,1,January,Thursday,False
919,2024-01-05,2024,1,1,January,Friday,True
920,2024-01-06,2024,1,1,January,Saturday,True
921,2024-01-07,2024,1,1,January,Sunday,False
922,2024-01-08,2024,1,1,January,Monday,False
923,2024-01-09,2024,1,1,January,Tuesday,False
924,2024-01-10,2024,1,1,January,Wednesday,False
925,2024-01-11,2024,1,1,January,Thursday,False
926,2024-01-12,2024,1,1,January,Friday,True
927,2024-01-13,2024,1,1,January,Saturday,True
928,2024-01-14,2024,1,1,January,Sunday,False
929,2024-01-15,2024,1,1,January,Monday,False
930,2024-01-16,2024,1,1,January,Tuesday,False
931,2024-01-17,2024,1,1,January,Wednesday,False
932,2024-01-18,2024,1,1,January,Thursday,False
933,2024-01-19,2024,1,1,January,Friday,True
934,2024-01-20,2024,1,1,January,Saturday,True
935,2024-01-21,2024,1,1,January,Sunday,False
936,2024-01-22,2024,1,1,January,Monday,False
937,2024-01-23,2024,1,1,January,Tuesday,False
938,2024-01-24,2024,1,1,January,Wednesday,False
939,2024-01-25,2024,1,1,January,Thursday,False
940,2024-01-26,2024,1,1,January,Friday,True
941,2024-01-27,2024,1,1,January,Saturday,True
942,2024-01-28,2024,1,1,January,Sunday,False
943,2024-01-29,2024,1,1,January,Monday,False
944,2024-01-30,2024,1,1,January,Tuesday,False
945,2024-01-31,2024,1,1,January,Wednesday,False
946,2024-02-01,2024,1,2,February,Thursday,False
947,2024-02-02,2024,1,2,February,Friday,True
948,2024-02-03,2024,1,2,February,Saturday,True
949,2024-02-04,2024,1,2,February,Sunday,False
950,2024-02-05,2024,1,2,February,Monday,False
951,2024-02-06,2024,1,2,February,Tuesday,False
952,2024-02-07,2024,1,2,February,Wednesday,False
953,2024-02-08,2024,1,2,February,Thursday,False
954,2024-02-09,2024,1,2,February,Friday,True
955,2024-02-10,2024,1,2,February,Saturday,True
956,2024-02-11,2024,1,2,February,Sunday,False
957,2024-02-12,2024,1,2,February,Monday,False
958,2024-02-13,2024,1,2,February,Tuesday,False
959,2024-02-14,2024,1,2,February,Wednesday,False
960,2024-02-15,2024,1,2,February,Thursday,False
961,2024-02-16,2024,1,2,February,Friday,True
962,2024-02-17,2024,1,2,February,Saturday,True
963,2024-02-18,2024,1,2,February,Sunday,False
964,2024-02-19,2024,1,2,February,Monday,False
965,2024-02-20,2024,1,2,February,Tuesday,False
966,2024-02-21,2024,1,2,February,Wednesday,False
967,2024-02-22,2024,1,2,February,Thursday,False
968,2024-02-23,2024,1,2,February,Friday,True
969,2024-02-24,2024,1,2,February,Saturday,True
970,2024-02-25,2024,1,2,February,Sunday,False
971,2024-02-26,2024,1,2,February,Monday,False
972,2024-02-27,2024,1,2,February,Tuesday,False
973,2024-02-28,2024,1,2,February,Wednesday,False
974,2024-02-29,2024,1,2,February,Thursday,False
975,2024-03-01,2024,1,3,March,Friday,True
976,2024-03-02,2024,1,3,March,Saturday,True
977,2024-03-03,2024,1,3,March,Sunday,False
978,2024-03-04,2024,1,3,March,Monday,False
979,2024-03-05,2024,1,3,March,Tuesday,False
980,2024-03-06,2024,1,3,March,Wednesday,False
981,2024-03-07,2024,1,3,March,Thursday,False
982,2024-03-08,2024,1,3,March,Friday,True
983,2024-03-09,2024,1,3,March,Saturday,True
984,2024-03-10,2024,1,3,March,Sunday,False
985,2024-03-11,2024,1,3,March,Monday,False
986,2024-03-12,2024,1,3,March,Tuesday,False
987,2024-03-13,2024,1,3,March,Wednesday,False
988,2024-03-14,2024,1,3,March,Thursday,False
989,2024-03-15,2024,1,3,March,Friday,True
990,2024-03-16,2024,1,3,March,Saturday,True
991,2024-03-17,2024,1,3,March,Sunday,False
992,2024-03-18,2024,1,3,March,Monday,False
993,2024-03-19,2024,1,3,March,Tuesday,False
994,2024-03-20,2024,1,3,March,Wednesday,False
995,2024-03-21,2024,1,3,March,Thursday,False
996,2024-03-22,2024,1,3,March,Friday,True
997,2024-03-23,2024,1,3,March,Saturday,True
998,2024-03-24,2024,1,3,March,Sunday,False
999,2024-03-25,2024,1,3,March,Monday,False
1000,2024-03-26,2024,1,3,March,Tuesday,False
1001,2024-03-27,2024,1,3,March,Wednesday,False
1002,2024-03-28,2024,1,3,March,Thursday,False
1003,2024-03-29,2024,1,3,March,Friday,True
1004,2024-03-30,2024,1,3,March,Saturday,True
1005,2024-03-31,2024,1,3,March,Sunday,False
1006,2024-04-01,2024,2,4,April,Monday,False
1007,2024-04-02,2024,2,4,April,Tuesday,False
1008,2024-04-03,2024,2,4,April,Wednesday,False
1009,2024-04-04,2024,2,4,April,Thursday,False
1010,2024-04-05,2024,2,4,April,Friday,True
1011,2024-04-06,2024,2,4,April,Saturday,True
1012,2024-04-07,2024,2,4,April,Sunday,False
1013,2024-04-08,2024,2,4,April,Monday,False
1014,2024-04-09,2024,2,4,April,Tuesday,False
1015,2024-04-10,2024,2,4,April,Wednesday,False
1016,2024-04-11,2024,2,4,April,Thursday,False
1017,2024-04-12,2024,2,4,April,Friday,True
1018,2024-04-13,2024,2,4,April,Saturday,True
1019,2024-04-14,2024,2,4,April,Sunday,False
1020,2024-04-15,2024,2,4,April,Monday,False
1021,2024-04-16,2024,2,4,April,Tuesday,False
1022,2024-04-17,2024,2,4,April,Wednesday,False
1023,2024-04-18,2024,2,4,April,Thursday,False
1024,2024-04-19,2024,2,4,April,Friday,True
1025,2024-04-20,2024,2,4,April,Saturday,True
1026,2024-04-21,2024,2,4,April,Sunday,False
1027,2024-04-22,2024,2,4,April,Monday,False
1028,2024-04-23,2024,2,4,April,Tuesday,False
1029,2024-04-24,2024,2,4,April,Wednesday,False
1030,2024-04-25,2024,2,4,April,Thursday,False
1031,2024-04-26,2024,2,4,April,Friday,True
1032,2024-04-27,2024,2,4,April,Saturday,True
1033,2024-04-28,2024,2,4,April,Sunday,False
1034,2024-04-29,2024,2,4,April,Monday,False
1035,2024-04-30,2024,2,4,April,Tuesday,False
1036,2024-05-01,2024,2,5,May,Wednesday,False
1037,2024-05-02,2024,2,5,May,Thursday,False
1038,2024-05-03,2024,2,5,May,Friday,True
1039,2024-05-04,2024,2,5,May,Saturday,True
1040,2024-05-05,2024,2,5,May,Sunday,False
1041,2024-05-06,2024,2,5,May,Monday,False
1042,2024-05-07,2024,2,5,May,Tuesday,False
1043,2024-05-08,2024,2,5,May,Wednesday,False
1044,2024-05-09,2024,2,5,May,Thursday,False
1045,2024-05-10,2024,2,5,May,Friday,True
1046,2024-05-11,2024,2,5,May,Saturday,True
1047,2024-05-12,2024,2,5,May,Sunday,False
1048,2024-05-13,2024,2,5,May,Monday,False
1049,2024-05-14,2024,2,5,May,Tuesday,False
1050,2024-05-15,2024,2,5,May,Wednesday,False
1051,2024-05-16,2024,2,5,May,Thursday,False
1052,2024-05-17,2024,2,5,May,Friday,True
1053,2024-05-18,2024,2,5,May,Saturday,True
1054,2024-05-19,2024,2,5,May,Sunday,False
1055,2024-05-20,2024,2,5,May,Monday,False
1056,2024-05-21,2024,2,5,May,Tuesday,False
1057,2024-05-22,2024,2,5,May,Wednesday,False
1058,2024-05-23,2024,2,5,May,Thursday,False
1059,2024-05-24,2024,2,5,May,Friday,True
1060,2024-05-25,2024,2,5,May,Saturday,True
1061,2024-05-26,2024,2,5,May,Sunday,False
1062,2024-05-27,2024,2,5,May,Monday,False
1063,2024-05-28,2024,2,5,May,Tuesday,False
1064,2024-05-29,2024,2,5,May,Wednesday,False
1065,2024-05-30,2024,2,5,May,Thursday,False
1066,2024-05-31,2024,2,5,May,Friday,True
1067,2024-06-01,2024,2,6,June,Saturday,True
1068,2024-06-02,2024,2,6,June,Sunday,False
1069,2024-06-03,2024,2,6,June,Monday,False
1070,2024-06-04,2024,2,6,June,Tuesday,False
1071,2024-06-05,2024,2,6,June,Wednesday,False
1072,2024-06-06,2024,2,6,June,Thursday,False
1073,2024-06-07,2024,2,6,June,Friday,True
1074,2024-06-08,2024,2,6,June,Saturday,True
1075,2024-06-09,2024,2,6,June,Sunday,False
1076,2024-06-10,2024,2,6,June,Monday,False
1077,2024-06-11,2024,2,6,June,Tuesday,False
1078,2024-06-12,2024,2,6,June,Wednesday,False
1079,2024-06-13,2024,2,6,June,Thursday,False
1080,2024-06-14,2024,2,6,June,Friday,True
1081,2024-06-15,2024,2,6,June,Saturday,True
1082,2024-06-16,2024,2,6,June,Sunday,False
1083,2024-06-17,2024,2,6,June,Monday,False
1084,2024-06-18,2024,2,6,June,Tuesday,False
1085,2024-06-19,2024,2,6,June,Wednesday,False
1086,2024-06-20,2024,2,6,June,Thursday,False
1087,2024-06-21,2024,2,6,June,Friday,True
1088,2024-06-22,2024,2,6,June,Saturday,True
1089,2024-06-23,2024,2,6,June,Sunday,False
1090,2024-06-24,2024,2,6,June,Monday,False
1091,2024-06-25,2024,2,6,June,Tuesday,False
1092,2024-06-26,2024,2,6,June,Wednesday,False
1093,2024-06-27,2024,2,6,June,Thursday,False
1094,2024-06-28,2024,2,6,June,Friday,True
1095,2024-06-29,2024,2,6,June,Saturday,True
1096,2024-06-30,2024,2,6,June,Sunday,False
1097,2024-07-01,2024,3,7,July,Monday,False
1098,2024-07-02,2024,3,7,July,Tuesday,False
1099,2024-07-03,2024,3,7,July,Wednesday,False
1100,2024-07-04,2024,3,7,July,Thursday,False
1101,2024-07-05,2024,3,7,July,Friday,True
1102,2024-07-06,2024,3,7,July,Saturday,True
1103,2024-07-07,2024,3,7,July,Sunday,False
1104,2024-07-08,2024,3,7,July,Monday,False
1105,2024-07-09,2024,3,7,July,Tuesday,False
1106,2024-07-10,2024,3,7,July,Wednesday,False
1107,2024-07-11,2024,3,7,July,Thursday,False
1108,2024-07-12,2024,3,7,July,Friday,True
1109,2024-07-13,2024,3,7,July,Saturday,True
1110,2024-07-14,2024,3,7,July,Sunday,False
1111,2024-07-15,2024,3,7,July,Monday,False
1112,2024-07-16,2024,3,7,July,Tuesday,False
1113,2024-07-17,2024,3,7,July,Wednesday,False
1114,2024-07-18,2024,3,7,July,Thursday,False
1115,2024-07-19,2024,3,7,July,Friday,True
1116,2024-07-20,2024,3,7,July,Saturday,True
1117,2024-07-21,2024,3,7,July,Sunday,False
1118,2024-07-22,2024,3,7,July,Monday,False
1119,2024-07-23,2024,3,7,July,Tuesday,False
1120,2024-07-24,2024,3,7,July,Wednesday,False
1121,2024-07-25,2024,3,7,July,Thursday,False
1122,2024-07-26,2024,3,7,July,Friday,True
1123,2024-07-27,2024,3,7,July,Saturday,True
1124,2024-07-28,2024,3,7,July,Sunday,False
1125,2024-07-29,2024,3,7,July,Monday,False
1126,2024-07-30,2024,3,7,July,Tuesday,False
1127,2024-07-31,2024,3,7,July,Wednesday,False
1128,2024-08-01,2024,3,8,August,Thursday,False
1129,2024-08-02,2024,3,8,August,Friday,True
1130,2024-08-03,2024,3,8,August,Saturday,True
1131,2024-08-04,2024,3,8,August,Sunday,False
1132,2024-08-05,2024,3,8,August,Monday,False
1133,2024-08-06,2024,3,8,August,Tuesday,False
1134,2024-08-07,2024,3,8,August,Wednesday,False
1135,2024-08-08,2024,3,8,August,Thursday,False
1136,2024-08-09,2024,3,8,August,Friday,True
1137,2024-08-10,2024,3,8,August,Saturday,True
1138,2024-08-11,2024,3,8,August,Sunday,False
1139,2024-08-12,2024,3,8,August,Monday,False
1140,2024-08-13,2024,3,8,August,Tuesday,False
1141,2024-08-14,2024,3,8,August,Wednesday,False
1142,2024-08-15,2024,3,8,August,Thursday,False
1143,2024-08-16,2024,3,8,August,Friday,True
1144,2024-08-17,2024,3,8,August,Saturday,True
1145,2024-08-18,2024,3,8,August,Sunday,False
1146,2024-08-19,2024,3,8,August,Monday,False
1147,2024-08-20,2024,3,8,August,Tuesday,False
1148,2024-08-21,2024,3,8,August,Wednesday,False
1149,2024-08-22,2024,3,8,August,Thursday,False
1150,2024-08-23,2024,3,8,August,Friday,True
1151,2024-08-24,2024,3,8,August,Saturday,True
1152,2024-08-25,2024,3,8,August,Sunday,False
1153,2024-08-26,2024,3,8,August,Monday,False
1154,2024-08-27,2024,3,8,August,Tuesday,False
1155,2024-08-28,2024,3,8,August,Wednesday,False
1156,2024-08-29,2024,3,8,August,Thursday,False
1157,2024-08-30,2024,3,8,August,Friday,True
1158,2024-08-31,2024,3,8,August,Saturday,True
1159,2024-09-01,2024,3,9,September,Sunday,False
1160,2024-09-02,2024,3,9,September,Monday,False
1161,2024-09-03,2024,3,9,September,Tuesday,False
1162,2024-09-04,2024,3,9,September,Wednesday,False
1163,2024-09-05,2024,3,9,September,Thursday,False
1164,2024-09-06,2024,3,9,September,Friday,True
1165,2024-09-07,2024,3,9,September,Saturday,True
1166,2024-09-08,2024,3,9,September,Sunday,False
1167,2024-09-09,2024,3,9,September,Monday,False
1168,2024-09-10,2024,3,9,September,Tuesday,False
1169,2024-09-11,2024,3,9,September,Wednesday,False
1170,2024-09-12,2024,3,9,September,Thursday,False
1171,2024-09-13,2024,3,9,September,Friday,True
1172,2024-09-14,2024,3,9,September,Saturday,True
1173,2024-09-15,2024,3,9,September,Sunday,False
1174,2024-09-16,2024,3,9,September,Monday,False
1175,2024-09-17,2024,3,9,September,Tuesday,False
1176,2024-09-18,2024,3,9,September,Wednesday,False
1177,2024-09-19,2024,3,9,September,Thursday,False
1178,2024-09-20,2024,3,9,September,Friday,True
1179,2024-09-21,2024,3,9,September,Saturday,True
1180,2024-09-22,2024,3,9,September,Sunday,False
1181,2024-09-23,2024,3,9,September,Monday,False
1182,2024-09-24,2024,3,9,September,Tuesday,False
1183,2024-09-25,2024,3,9,September,Wednesday,False
1184,2024-09-26,2024,3,9,September,Thursday,False
1185,2024-09-27,2024,3,9,September,Friday,True
1186,2024-09-28,2024,3,9,September,Saturday,True
1187,2024-09-29,2024,3,9,September,Sunday,False
1188,2024-09-30,2024,3,9,September,Monday,False
1189,2024-10-01,2024,4,10,October,Tuesday,False
1190,2024-10-02,2024,4,10,October,Wednesday,False
1191,2024-10-03,2024,4,10,October,Thursday,False
1192,2024-10-04,2024,4,10,October,Friday,True
1193,2024-10-05,2024,4,10,October,Saturday,True
1194,2024-10-06,2024,4,10,October,Sunday,False
1195,2024-10-07,2024,4,10,October,Monday,False
1196,2024-10-08,2024,4,10,October,Tuesday,False
1197,2024-10-09,2024,4,10,October,Wednesday,False
1198,2024-10-10,2024,4,10,October,Thursday,False
1199,2024-10-11,2024,4,10,October,Friday,True
1200,2024-10-12,2024,4,10,October,Saturday,True
1201,2024-10-13,2024,4,10,October,Sunday,False
1202,2024-10-14,2024,4,10,October,Monday,False
1203,2024-10-15,2024,4,10,October,Tuesday,False
1204,2024-10-16,2024,4,10,October,Wednesday,False
1205,2024-10-17,2024,4,10,October,Thursday,False
1206,2024-10-18,2024,4,10,October,Friday,True
1207,2024-10-19,2024,4,10,October,Saturday,True
1208,2024-10-20,2024,4,10,October,Sunday,False
1209,2024-10-21,2024,4,10,October,Monday,False
1210,2024-10-22,2024,4,10,October,Tuesday,False
1211,2024-10-23,2024,4,10,October,Wednesday,False
1212,2024-10-24,2024,4,10,October,Thursday,False
1213,2024-10-25,2024,4,10,October,Friday,True
1214,2024-10-26,2024,4,10,October,Saturday,True
1215,2024-10-27,2024,4,10,October,Sunday,False
1216,2024-10-28,2024,4,10,October,Monday,False
1217,2024-10-29,2024,4,10,October,Tuesday,False
1218,2024-10-30,2024,4,10,October,Wednesday,False
1219,2024-10-31,2024,4,10,October,Thursday,False
1220,2024-11-01,2024,4,11,November,Friday,True
1221,2024-11-02,2024,4,11,November,Saturday,True
1222,2024-11-03,2024,4,11,November,Sunday,False
1223,2024-11-04,2024,4,11,November,Monday,False
1224,2024-11-05,2024,4,11,November,Tuesday,False
1225,2024-11-06,2024,4,11,November,Wednesday,False
1226,2024-11-07,2024,4,11,November,Thursday,False
1227,2024-11-08,2024,4,11,November,Friday,True
1228,2024-11-09,2024,4,11,November,Saturday,True
1229,2024-11-10,2024,4,11,November,Sunday,False
1230,2024-11-11,2024,4,11,November,Monday,False
1231,2024-11-12,2024,4,11,November,Tuesday,False
1232,2024-11-13,2024,4,11,November,Wednesday,False
1233,2024-11-14,2024,4,11,November,Thursday,False
1234,2024-11-15,2024,4,11,November,Friday,True
1235,2024-11-16,2024,4,11,November,Saturday,True
1236,2024-11-17,2024,4,11,November,Sunday,False
1237,2024-11-18,2024,4,11,November,Monday,False
1238,2024-11-19,2024,4,11,November,Tuesday,False
1239,2024-11-20,2024,4,11,November,Wednesday,False
1240,2024-11-21,2024,4,11,November,Thursday,False
1241,2024-11-22,2024,4,11,November,Friday,True
1242,2024-11-23,2024,4,11,November,Saturday,True
1243,2024-11-24,2024,4,11,November,Sunday,False
1244,2024-11-25,2024,4,11,November,Monday,False
1245,2024-11-26,2024,4,11,November,Tuesday,False
1246,2024-11-27,2024,4,11,November,Wednesday,False
1247,2024-11-28,2024,4,11,November,Thursday,False
1248,2024-11-29,2024,4,11,November,Friday,True
1249,2024-11-30,2024,4,11,November,Saturday,True
1250,2024-12-01,2024,4,12,December,Sunday,False
1251,2024-12-02,2024,4,12,December,Monday,False
1252,2024-12-03,2024,4,12,December,Tuesday,False
1253,2024-12-04,2024,4,12,December,Wednesday,False
1254,2024-12-05,2024,4,12,December,Thursday,False
1255,2024-12-06,2024,4,12,December,Friday,True
1256,2024-12-07,2024,4,12,December,Saturday,True
1257,2024-12-08,2024,4,12,December,Sunday,False
1258,2024-12-09,2024,4,12,December,Monday,False
1259,2024-12-10,2024,4,12,December,Tuesday,False
1260,2024-12-11,2024,4,12,December,Wednesday,False
1261,2024-12-12,2024,4,12,December,Thursday,False
1262,2024-12-13,2024,4,12,December,Friday,True
1263,2024-12-14,2024,4,12,December,Saturday,True
1264,2024-12-15,2024,4,12,December,Sunday,False
1265,2024-12-16,2024,4,12,December,Monday,False
1266,2024-12-17,2024,4,12,December,Tuesday,False
1267,2024-12-18,2024,4,12,December,Wednesday,False
1268,2024-12-19,2024,4,12,December,Thursday,False
1269,2024-12-20,2024,4,12,December,Friday,True
1270,2024-12-21,2024,4,12,December,Saturday,True
1271,2024-12-22,2024,4,12,December,Sunday,False
1272,2024-12-23,2024,4,12,December,Monday,False
1273,2024-12-24,2024,4,12,December,Tuesday,False
1274,2024-12-25,2024,4,12,December,Wednesday,False
1275,2024-12-26,2024,4,12,December,Thursday,False
1276,2024-12-27,2024,4,12,December,Friday,True
1277,2024-12-28,2024,4,12,December,Saturday,True
1278,2024-12-29,2024,4,12,December,Sunday,False
1279,2024-12-30,2024,4,12,December,Monday,False
1280,2024-12-31,2024,4,12,December,Tuesday,False
1281,2025-01-01,2025,1,1,January,Wednesday,False
1282,2025-01-02,2025,1,1,January,Thursday,False
1283,2025-01-03,2025,1,1,January,Friday,True
1284,2025-01-04,2025,1,1,January,Saturday,True
1285,2025-01-05,2025,1,1,January,Sunday,False
1286,2025-01-06,2025,1,1,January,Monday,False
1287,2025-01-07,2025,1,1,January,Tuesday,False
1288,2025-01-08,2025,1,1,January,Wednesday,False
1289,2025-01-09,2025,1,1,January,Thursday,False
1290,2025-01-10,2025,1,1,January,Friday,True
1291,2025-01-11,2025,1,1,January,Saturday,True
1292,2025-01-12,2025,1,1,January,Sunday,False
1293,2025-01-13,2025,1,1,January,Monday,False
1294,2025-01-14,2025,1,1,January,Tuesday,False
1295,2025-01-15,2025,1,1,January,Wednesday,False
1296,2025-01-16,2025,1,1,January,Thursday,False
1297,2025-01-17,2025,1,1,January,Friday,True
1298,2025-01-18,2025,1,1,January,Saturday,True
1299,2025-01-19,2025,1,1,January,Sunday,False
1300,2025-01-20,2025,1,1,January,Monday,False
1301,2025-01-21,2025,1,1,January,Tuesday,False
1302,2025-01-22,2025,1,1,January,Wednesday,False
1303,2025-01-23,2025,1,1,January,Thursday,False
1304,2025-01-24,2025,1,1,January,Friday,True
1305,2025-01-25,2025,1,1,January,Saturday,True
1306,2025-01-26,2025,1,1,January,Sunday,False
1307,2025-01-27,2025,1,1,January,Monday,False
1308,2025-01-28,2025,1,1,January,Tuesday,False
1309,2025-01-29,2025,1,1,January,Wednesday,False
1310,2025-01-30,2025,1,1,January,Thursday,False
1311,2025-01-31,2025,1,1,January,Friday,True
1312,2025-02-01,2025,1,2,February,Saturday,True
1313,2025-02-02,2025,1,2,February,Sunday,False
1314,2025-02-03,2025,1,2,February,Monday,False
1315,2025-02-04,2025,1,2,February,Tuesday,False
1316,2025-02-05,2025,1,2,February,Wednesday,False
1317,2025-02-06,2025,1,2,February,Thursday,False
1318,2025-02-07,2025,1,2,February,Friday,True
1319,2025-02-08,2025,1,2,February,Saturday,True
1320,2025-02-09,2025,1,2,February,Sunday,False
1321,2025-02-10,2025,1,2,February,Monday,False
1322,2025-02-11,2025,1,2,February,Tuesday,False
1323,2025-02-12,2025,1,2,February,Wednesday,False
1324,2025-02-13,2025,1,2,February,Thursday,False
1325,2025-02-14,2025,1,2,February,Friday,True
1326,2025-02-15,2025,1,2,February,Saturday,True
1327,2025-02-16,2025,1,2,February,Sunday,False
1328,2025-02-17,2025,1,2,February,Monday,False
1329,2025-02-18,2025,1,2,February,Tuesday,False
1330,2025-02-19,2025,1,2,February,Wednesday,False
1331,2025-02-20,2025,1,2,February,Thursday,False
1332,2025-02-21,2025,1,2,February,Friday,True
1333,2025-02-22,2025,1,2,February,Saturday,True
1334,2025-02-23,2025,1,2,February,Sunday,False
1335,2025-02-24,2025,1,2,February,Monday,False
1336,2025-02-25,2025,1,2,February,Tuesday,False
1337,2025-02-26,2025,1,2,February,Wednesday,False
1338,2025-02-27,2025,1,2,February,Thursday,False
1339,2025-02-28,2025,1,2,February,Friday,True
1340,2025-03-01,2025,1,3,March,Saturday,True
1341,2025-03-02,2025,1,3,March,Sunday,False
1342,2025-03-03,2025,1,3,March,Monday,False
1343,2025-03-04,2025,1,3,March,Tuesday,False
1344,2025-03-05,2025,1,3,March,Wednesday,False
1345,2025-03-06,2025,1,3,March,Thursday,False
1346,2025-03-07,2025,1,3,March,Friday,True
1347,2025-03-08,2025,1,3,March,Saturday,True
1348,2025-03-09,2025,1,3,March,Sunday,False
1349,2025-03-10,2025,1,3,March,Monday,False
1350,2025-03-11,2025,1,3,March,Tuesday,False
1351,2025-03-12,2025,1,3,March,Wednesday,False
1352,2025-03-13,2025,1,3,March,Thursday,False
1353,2025-03-14,2025,1,3,March,Friday,True
1354,2025-03-15,2025,1,3,March,Saturday,True
1355,2025-03-16,2025,1,3,March,Sunday,False
1356,2025-03-17,2025,1,3,March,Monday,False
1357,2025-03-18,2025,1,3,March,Tuesday,False
1358,2025-03-19,2025,1,3,March,Wednesday,False
1359,2025-03-20,2025,1,3,March,Thursday,False
1360,2025-03-21,2025,1,3,March,Friday,True
1361,2025-03-22,2025,1,3,March,Saturday,True
1362,2025-03-23,2025,1,3,March,Sunday,False
1363,2025-03-24,2025,1,3,March,Monday,False
1364,2025-03-25,2025,1,3,March,Tuesday,False
1365,2025-03-26,2025,1,3,March,Wednesday,False
1366,2025-03-27,2025,1,3,March,Thursday,False
1367,2025-03-28,2025,1,3,March,Friday,True
1368,2025-03-29,2025,1,3,March,Saturday,True
1369,2025-03-30,2025,1,3,March,Sunday,False
1370,2025-03-31,2025,1,3,March,Monday,False
1371,2025-04-01,2025,2,4,April,Tuesday,False
1372,2025-04-02,2025,2,4,April,Wednesday,False
1373,2025-04-03,2025,2,4,April,Thursday,False
1374,2025-04-04,2025,2,4,April,Friday,True
1375,2025-04-05,2025,2,4,April,Saturday,True
1376,2025-04-06,2025,2,4,April,Sunday,False
1377,2025-04-07,2025,2,4,April,Monday,False
1378,2025-04-08,2025,2,4,April,Tuesday,False
1379,2025-04-09,2025,2,4,April,Wednesday,False
1380,2025-04-10,2025,2,4,April,Thursday,False
1381,2025-04-11,2025,2,4,April,Friday,True
1382,2025-04-12,2025,2,4,April,Saturday,True
1383,2025-04-13,2025,2,4,April,Sunday,False
1384,2025-04-14,2025,2,4,April,Monday,False
1385,2025-04-15,2025,2,4,April,Tuesday,False
1386,2025-04-16,2025,2,4,April,Wednesday,False
1387,2025-04-17,2025,2,4,April,Thursday,False
1388,2025-04-18,2025,2,4,April,Friday,True
1389,2025-04-19,2025,2,4,April,Saturday,True
1390,2025-04-20,2025,2,4,April,Sunday,False
1391,2025-04-21,2025,2,4,April,Monday,False
1392,2025-04-22,2025,2,4,April,Tuesday,False
1393,2025-04-23,2025,2,4,April,Wednesday,False
1394,2025-04-24,2025,2,4,April,Thursday,False
1395,2025-04-25,2025,2,4,April,Friday,True
1396,2025-04-26,2025,2,4,April,Saturday,True
1397,2025-04-27,2025,2,4,April,Sunday,False
1398,2025-04-28,2025,2,4,April,Monday,False
1399,2025-04-29,2025,2,4,April,Tuesday,False
1400,2025-04-30,2025,2,4,April,Wednesday,False
1401,2025-05-01,2025,2,5,May,Thursday,False
1402,2025-05-02,2025,2,5,May,Friday,True
1403,2025-05-03,2025,2,5,May,Saturday,True
1404,2025-05-04,2025,2,5,May,Sunday,False
1405,2025-05-05,2025,2,5,May,Monday,False
1406,2025-05-06,2025,2,5,May,Tuesday,False
1407,2025-05-07,2025,2,5,May,Wednesday,False
1408,2025-05-08,2025,2,5,May,Thursday,False
1409,2025-05-09,2025,2,5,May,Friday,True
1410,2025-05-10,2025,2,5,May,Saturday,True
1411,2025-05-11,2025,2,5,May,Sunday,False
1412,2025-05-12,2025,2,5,May,Monday,False
1413,2025-05-13,2025,2,5,May,Tuesday,False
1414,2025-05-14,2025,2,5,May,Wednesday,False
1415,2025-05-15,2025,2,5,May,Thursday,False
1416,2025-05-16,2025,2,5,May,Friday,True
1417,2025-05-17,2025,2,5,May,Saturday,True
1418,2025-05-18,2025,2,5,May,Sunday,False
1419,2025-05-19,2025,2,5,May,Monday,False
1420,2025-05-20,2025,2,5,May,Tuesday,False
1421,2025-05-21,2025,2,5,May,Wednesday,False
1422,2025-05-22,2025,2,5,May,Thursday,False
1423,2025-05-23,2025,2,5,May,Friday,True
1424,2025-05-24,2025,2,5,May,Saturday,True
1425,2025-05-25,2025,2,5,May,Sunday,False
1426,2025-05-26,2025,2,5,May,Monday,False
1427,2025-05-27,2025,2,5,May,Tuesday,False
1428,2025-05-28,2025,2,5,May,Wednesday,False
1429,2025-05-29,2025,2,5,May,Thursday,False
1430,2025-05-30,2025,2,5,May,Friday,True
1431,2025-05-31,2025,2,5,May,Saturday,True
1432,2025-06-01,2025,2,6,June,Sunday,False
1433,2025-06-02,2025,2,6,June,Monday,False
1434,2025-06-03,2025,2,6,June,Tuesday,False
1435,2025-06-04,2025,2,6,June,Wednesday,False
1436,2025-06-05,2025,2,6,June,Thursday,False
1437,2025-06-06,2025,2,6,June,Friday,True
1438,2025-06-07,2025,2,6,June,Saturday,True
1439,2025-06-08,2025,2,6,June,Sunday,False
1440,2025-06-09,2025,2,6,June,Monday,False
1441,2025-06-10,2025,2,6,June,Tuesday,False
1442,2025-06-11,2025,2,6,June,Wednesday,False
1443,2025-06-12,2025,2,6,June,Thursday,False
1444,2025-06-13,2025,2,6,June,Friday,True
1445,2025-06-14,2025,2,6,June,Saturday,True
1446,2025-06-15,2025,2,6,June,Sunday,False
1447,2025-06-16,2025,2,6,June,Monday,False
1448,2025-06-17,2025,2,6,June,Tuesday,False
1449,2025-06-18,2025,2,6,June,Wednesday,False
1450,2025-06-19,2025,2,6,June,Thursday,False
1451,2025-06-20,2025,2,6,June,Friday,True
1452,2025-06-21,2025,2,6,June,Saturday,True
1453,2025-06-22,2025,2,6,June,Sunday,False
1454,2025-06-23,2025,2,6,June,Monday,False
1455,2025-06-24,2025,2,6,June,Tuesday,False
1456,2025-06-25,2025,2,6,June,Wednesday,False
1457,2025-06-26,2025,2,6,June,Thursday,False
1458,2025-06-27,2025,2,6,June,Friday,True
1459,2025-06-28,2025,2,6,June,Saturday,True
1460,2025-06-29,2025,2,6,June,Sunday,False
1461,2025-06-30,2025,2,6,June,Monday,False
1462,2025-07-01,2025,3,7,July,Tuesday,False
1463,2025-07-02,2025,3,7,July,Wednesday,False
1464,2025-07-03,2025,3,7,July,Thursday,False
1465,2025-07-04,2025,3,7,July,Friday,True
1466,2025-07-05,2025,3,7,July,Saturday,True
1467,2025-07-06,2025,3,7,July,Sunday,False
1468,2025-07-07,2025,3,7,July,Monday,False
1469,2025-07-08,2025,3,7,July,Tuesday,False
1470,2025-07-09,2025,3,7,July,Wednesday,False
1471,2025-07-10,2025,3,7,July,Thursday,False
1472,2025-07-11,2025,3,7,July,Friday,True
1473,2025-07-12,2025,3,7,July,Saturday,True
1474,2025-07-13,2025,3,7,July,Sunday,False
1475,2025-07-14,2025,3,7,July,Monday,False
1476,2025-07-15,2025,3,7,July,Tuesday,False
1477,2025-07-16,2025,3,7,July,Wednesday,False
1478,2025-07-17,2025,3,7,July,Thursday,False
1479,2025-07-18,2025,3,7,July,Friday,True
1480,2025-07-19,2025,3,7,July,Saturday,True
1481,2025-07-20,2025,3,7,July,Sunday,False
1482,2025-07-21,2025,3,7,July,Monday,False
1483,2025-07-22,2025,3,7,July,Tuesday,False
1484,2025-07-23,2025,3,7,July,Wednesday,False
1485,2025-07-24,2025,3,7,July,Thursday,False
1486,2025-07-25,2025,3,7,July,Friday,True
1487,2025-07-26,2025,3,7,July,Saturday,True
1488,2025-07-27,2025,3,7,July,Sunday,False
1489,2025-07-28,2025,3,7,July,Monday,False
1490,2025-07-29,2025,3,7,July,Tuesday,False
1491,2025-07-30,2025,3,7,July,Wednesday,False
1492,2025-07-31,2025,3,7,July,Thursday,False
1493,2025-08-01,2025,3,8,August,Friday,True
1494,2025-08-02,2025,3,8,August,Saturday,True
1495,2025-08-03,2025,3,8,August,Sunday,False
1496,2025-08-04,2025,3,8,August,Monday,False
1497,2025-08-05,2025,3,8,August,Tuesday,False
1498,2025-08-06,2025,3,8,August,Wednesday,False
1499,2025-08-07,2025,3,8,August,Thursday,False
1500,2025-08-08,2025,3,8,August,Friday,True
1501,2025-08-09,2025,3,8,August,Saturday,True
1502,2025-08-10,2025,3,8,August,Sunday,False
1503,2025-08-11,2025,3,8,August,Monday,False
1504,2025-08-12,2025,3,8,August,Tuesday,False
1505,2025-08-13,2025,3,8,August,Wednesday,False
1506,2025-08-14,2025,3,8,August,Thursday,False
1507,2025-08-15,2025,3,8,August,Friday,True
1508,2025-08-16,2025,3,8,August,Saturday,True
1509,2025-08-17,2025,3,8,August,Sunday,False
1510,2025-08-18,2025,3,8,August,Monday,False
1511,2025-08-19,2025,3,8,August,Tuesday,False
1512,2025-08-20,2025,3,8,August,Wednesday,False
1513,2025-08-21,2025,3,8,August,Thursday,False
1514,2025-08-22,2025,3,8,August,Friday,True
1515,2025-08-23,2025,3,8,August,Saturday,True
1516,2025-08-24,2025,3,8,August,Sunday,False
1517,2025-08-25,2025,3,8,August,Monday,False
1518,2025-08-26,2025,3,8,August,Tuesday,False
1519,2025-08-27,2025,3,8,August,Wednesday,False
1520,2025-08-28,2025,3,8,August,Thursday,False
1521,2025-08-29,2025,3,8,August,Friday,True
1522,2025-08-30,2025,3,8,August,Saturday,True
1523,2025-08-31,2025,3,8,August,Sunday,False
1524,2025-09-01,2025,3,9,September,Monday,False
1525,2025-09-02,2025,3,9,September,Tuesday,False
1526,2025-09-03,2025,3,9,September,Wednesday,False
1527,2025-09-04,2025,3,9,September,Thursday,False
1528,2025-09-05,2025,3,9,September,Friday,True
1529,2025-09-06,2025,3,9,September,Saturday,True
1530,2025-09-07,2025,3,9,September,Sunday,False
1531,2025-09-08,2025,3,9,September,Monday,False
1532,2025-09-09,2025,3,9,September,Tuesday,False
1533,2025-09-10,2025,3,9,September,Wednesday,False
1534,2025-09-11,2025,3,9,September,Thursday,False
1535,2025-09-12,2025,3,9,September,Friday,True
1536,2025-09-13,2025,3,9,September,Saturday,True
1537,2025-09-14,2025,3,9,September,Sunday,False
1538,2025-09-15,2025,3,9,September,Monday,False
1539,2025-09-16,2025,3,9,September,Tuesday,False
1540,2025-09-17,2025,3,9,September,Wednesday,False
1541,2025-09-18,2025,3,9,September,Thursday,False
1542,2025-09-19,2025,3,9,September,Friday,True
1543,2025-09-20,2025,3,9,September,Saturday,True
1544,2025-09-21,2025,3,9,September,Sunday,False
1545,2025-09-22,2025,3,9,September,Monday,False
1546,2025-09-23,2025,3,9,September,Tuesday,False
1547,2025-09-24,2025,3,9,September,Wednesday,False
1548,2025-09-25,2025,3,9,September,Thursday,False
1549,2025-09-26,2025,3,9,September,Friday,True
1550,2025-09-27,2025,3,9,September,Saturday,True
1551,2025-09-28,2025,3,9,September,Sunday,False
1552,2025-09-29,2025,3,9,September,Monday,False
1553,2025-09-30,2025,3,9,September,Tuesday,False
1554,2025-10-01,2025,4,10,October,Wednesday,False
1555,2025-10-02,2025,4,10,October,Thursday,False
1556,2025-10-03,2025,4,10,October,Friday,True
1557,2025-10-04,2025,4,10,October,Saturday,True
1558,2025-10-05,2025,4,10,October,Sunday,False
1559,2025-10-06,2025,4,10,October,Monday,False
1560,2025-10-07,2025,4,10,October,Tuesday,False
1561,2025-10-08,2025,4,10,October,Wednesday,False
1562,2025-10-09,2025,4,10,October,Thursday,False
1563,2025-10-10,2025,4,10,October,Friday,True
1564,2025-10-11,2025,4,10,October,Saturday,True
1565,2025-10-12,2025,4,10,October,Sunday,False
1566,2025-10-13,2025,4,10,October,Monday,False
1567,2025-10-14,2025,4,10,October,Tuesday,False
1568,2025-10-15,2025,4,10,October,Wednesday,False
1569,2025-10-16,2025,4,10,October,Thursday,False
1570,2025-10-17,2025,4,10,October,Friday,True
1571,2025-10-18,2025,4,10,October,Saturday,True
1572,2025-10-19,2025,4,10,October,Sunday,False
1573,2025-10-20,2025,4,10,October,Monday,False
1574,2025-10-21,2025,4,10,October,Tuesday,False
1575,2025-10-22,2025,4,10,October,Wednesday,False
1576,2025-10-23,2025,4,10,October,Thursday,False
1577,2025-10-24,2025,4,10,October,Friday,True
1578,2025-10-25,2025,4,10,October,Saturday,True
1579,2025-10-26,2025,4,10,October,Sunday,False
1580,2025-10-27,2025,4,10,October,Monday,False
1581,2025-10-28,2025,4,10,October,Tuesday,False
1582,2025-10-29,2025,4,10,October,Wednesday,False
1583,2025-10-30,2025,4,10,October,Thursday,False
1584,2025-10-31,2025,4,10,October,Friday,True
1585,2025-11-01,2025,4,11,November,Saturday,True
1586,2025-11-02,2025,4,11,November,Sunday,False
1587,2025-11-03,2025,4,11,November,Monday,False
1588,2025-11-04,2025,4,11,November,Tuesday,False
1589,2025-11-05,2025,4,11,November,Wednesday,False
1590,2025-11-06,2025,4,11,November,Thursday,False
1591,2025-11-07,2025,4,11,November,Friday,True
1592,2025-11-08,2025,4,11,November,Saturday,True
1593,2025-11-09,2025,4,11,November,Sunday,False
1594,2025-11-10,2025,4,11,November,Monday,False
1595,2025-11-11,2025,4,11,November,Tuesday,False
1596,2025-11-12,2025,4,11,November,Wednesday,False
1597,2025-11-13,2025,4,11,November,Thursday,False
1598,2025-11-14,2025,4,11,November,Friday,True
1599,2025-11-15,2025,4,11,November,Saturday,True
1600,2025-11-16,2025,4,11,November,Sunday,False
1601,2025-11-17,2025,4,11,November,Monday,False
1602,2025-11-18,2025,4,11,November,Tuesday,False
1603,2025-11-19,2025,4,11,November,Wednesday,False
1604,2025-11-20,2025,4,11,November,Thursday,False
1605,2025-11-21,2025,4,11,November,Friday,True
1606,2025-11-22,2025,4,11,November,Saturday,True
1607,2025-11-23,2025,4,11,November,Sunday,False
1608,2025-11-24,2025,4,11,November,Monday,False
1609,2025-11-25,2025,4,11,November,Tuesday,False
1610,2025-11-26,2025,4,11,November,Wednesday,False
1611,2025-11-27,2025,4,11,November,Thursday,False
1612,2025-11-28,2025,4,11,November,Friday,True
1613,2025-11-29,2025,4,11,November,Saturday,True
1614,2025-11-30,2025,4,11,November,Sunday,False
1615,2025-12-01,2025,4,12,December,Monday,False
1616,2025-12-02,2025,4,12,December,Tuesday,False
1617,2025-12-03,2025,4,12,December,Wednesday,False
1618,2025-12-04,2025,4,12,December,Thursday,False
1619,2025-12-05,2025,4,12,December,Friday,True
1620,2025-12-06,2025,4,12,December,Saturday,True
1621,2025-12-07,2025,4,12,December,Sunday,False
1622,2025-12-08,2025,4,12,December,Monday,False
1623,2025-12-09,2025,4,12,December,Tuesday,False
1624,2025-12-10,2025,4,12,December,Wednesday,False
1625,2025-12-11,2025,4,12,December,Thursday,False
1626,2025-12-12,2025,4,12,December,Friday,True
1627,2025-12-13,2025,4,12,December,Saturday,True
1628,2025-12-14,2025,4,12,December,Sunday,False
1629,2025-12-15,2025,4,12,December,Monday,False
1630,2025-12-16,2025,4,12,December,Tuesday,False
1631,2025-12-17,2025,4,12,December,Wednesday,False
1632,2025-12-18,2025,4,12,December,Thursday,False
1633,2025-12-19,2025,4,12,December,Friday,True
1634,2025-12-20,2025,4,12,December,Saturday,True
1635,2025-12-21,2025,4,12,December,Sunday,False
1636,2025-12-22,2025,4,12,December,Monday,False
1637,2025-12-23,2025,4,12,December,Tuesday,False
1638,2025-12-24,2025,4,12,December,Wednesday,False
1639,2025-12-25,2025,4,12,December,Thursday,False
1640,2025-12-26,2025,4,12,December,Friday,True
1641,2025-12-27,2025,4,12,December,Saturday,True
1642,2025-12-28,2025,4,12,December,Sunday,False
1643,2025-12-29,2025,4,12,December,Monday,False
1644,2025-12-30,2025,4,12,December,Tuesday,False
1645,2025-12-31,2025,4,12,December,Wednesday,False
